"ENSEMBL","SYMBOL","sexBias","KDM5C_binding","Promo_CGI","seqnames","start","end","pvalue","qvalue","meth.diff"
"ENSMUSG00000000365","Rnf17","unbiased","Bound","CGI","chr14",56402620,56402909,0.178953618145477,0.306482983679608,-7.35092652678636
"ENSMUSG00000000811","Txnrd3","XY","Bound","CGI","chr6",89643933,89644742,0.0887843960085106,0.194431799505308,1.90732521577102
"ENSMUSG00000000942","Hoxa4","XY","Bound","CGI","chr6",52191055,52192226,0.914996261096023,0.700461668431879,-0.141380603009694
"ENSMUSG00000001120","Pcbp3","XY","Bound","CGI","chr10",76961632,76962132,0.939110424857869,0.706771112177854,-0.139572854396545
"ENSMUSG00000001829","Clpb","XY","Unbound","CGI","chr7",101663697,101664107,0.778156587067916,0.678494968170115,0.307738238772721
"ENSMUSG00000002190","Clgn","XY","Unbound","CGI","chr8",83389734,83390052,0.417156907334149,0.499917859421677,1.12321409712898
"ENSMUSG00000002228","Ppm1j","XY","Unbound","CGI","chr3",104780767,104781874,0.870842346146566,0.694751648183395,0.19742753109188
"ENSMUSG00000002319","Ipo4","unbiased","Bound","CGI","chr14",55635505,55635849,0.569689455601301,0.611264699227392,0.771621334466638
"ENSMUSG00000002409","Dyrk1b","unbiased","Unbound","CGI","chr7",28179402,28180425,0.369917778963074,0.474710167482657,-1.13468529879573
"ENSMUSG00000002768","Mea1","unbiased","Bound","CGI","chr17",46680625,46681204,0.229277606292563,0.353999708873463,1.31038893087611
"ENSMUSG00000003153","Slc2a3","XY","Bound","CGI","chr6",122801538,122802048,0.148999812727175,0.270806366153631,-1.96830744276
"ENSMUSG00000003345","Csnk1g2","unbiased","Unbound","CGI","chr10",80638390,80638765,0.479701607230855,0.551720135479323,1.18677123532097
"ENSMUSG00000003345","Csnk1g2","unbiased","Unbound","CGI","chr10",80634311,80634553,0.164857646160134,0.291690731215169,-1.90942172188679
"ENSMUSG00000003345","Csnk1g2","unbiased","Unbound","CGI","chr10",80621978,80623110,0.674080521879627,0.677251731003333,-0.258713336083215
"ENSMUSG00000003436","Dll3","XY","Bound","CGI","chr7",28301285,28301506,1.9544608142985e-06,1.58235349060898e-05,19.6336499321574
"ENSMUSG00000003436","Dll3","XY","Bound","CGI","chr7",28294395,28294952,0.0467238444228706,0.118960535781305,-2.09158975599053
"ENSMUSG00000003604","Aven","unbiased","Bound","CGI","chr2",112492916,112493511,0.412900356162882,0.499917859421677,-2.11180124223602
"ENSMUSG00000004032","Gstm5","XY","Bound","CGI","chr3",107895767,107896270,7.08706672082487e-10,9.46731892756657e-09,-16.0230335702034
"ENSMUSG00000004070","Hmox2","unbiased","Bound","CGI","chr16",4726301,4726876,0.912474366727962,0.700461668431879,-0.196350196350197
"ENSMUSG00000004633","Chn2","XY","Bound","CGI","chr6",54039435,54040338,0.484784703438045,0.553507528530446,-0.722515087183646
"ENSMUSG00000005493","Msh4","unbiased","Bound","CGI","chr3",153905621,153906071,1.7841701579041e-28,7.94466341356287e-27,-30.0305157627946
"ENSMUSG00000006200","Rhox6","XX","Unbound","CGI","chrX",37826914,37827155,0.0779315366751896,0.179492262718458,8.90731292517007
"ENSMUSG00000007888","Crlf1","XY","Unbound","CGI","chr8",70500891,70501273,0.218940292953224,0.344086200155246,-3.91202245260324
"ENSMUSG00000007888","Crlf1","XY","Unbound","CGI","chr8",70493115,70494351,0.254254723313954,0.369182994710918,1.79235144557155
"ENSMUSG00000009596","Taf7l","unbiased","Bound","CGI","chrX",134474997,134476624,1.28565912232028e-05,8.80748090789211e-05,-20.9520942058076
"ENSMUSG00000009628","Tex15","unbiased","Bound","CGI","chr8",33517019,33517452,0.000147132995895235,0.000786195503318986,-10.2289390992069
"ENSMUSG00000009670","Tex11","unbiased","Bound","CGI","chrX",101059593,101059915,4.41300790465999e-18,1.17903089978037e-16,-42.4255233494364
"ENSMUSG00000010592","Dazl","unbiased","Bound","CGI","chr17",50292686,50293791,2.15719704419211e-15,4.11672884696115e-14,-21.702223757273
"ENSMUSG00000010760","Phlda2","XX","Unbound","CGI","chr7",143501649,143502963,0.0346916507479939,0.0975645042301371,-1.77534850782938
"ENSMUSG00000012126","Ubxn11","XY","Unbound","CGI","chr4",134102578,134102911,0.0805899953880902,0.180935860963839,-1.58309158723581
"ENSMUSG00000012609","Ttll5","XY","Unbound","CGI","chr12",85824696,85825235,0.127603285213537,0.238827638126549,-1.69872861612195
"ENSMUSG00000013822","Elof1","unbiased","Unbound","CGI","chr9",22116846,22117343,0.772199980970862,0.678494968170115,0.299986957088822
"ENSMUSG00000014609","Chrne","XY","Unbound","CGI","chr11",70615354,70615727,0.0588804411680369,0.141023251944385,-3.86683738796415
"ENSMUSG00000014837","4931428F04Rik","unbiased","Bound","CGI","chr8",105289382,105290588,0.250692829502851,0.366000184376575,-0.922677109746608
"ENSMUSG00000016526","Dyrk3","XY","Bound","CGI","chr1",131137778,131138378,0.109872773004908,0.21744368469733,1.58325750682439
"ENSMUSG00000016982","Pom121l2","XY","Unbound","CGI","chr13",21981191,21981771,0.261383841177481,0.375453600474877,-1.27405639877658
"ENSMUSG00000017195","Zpbp2","XY","Bound","CGI","chr11",98550938,98551392,0.943824193057328,0.708323399908251,-0.106951871657754
"ENSMUSG00000017832","Hspb9","XY","Unbound","CGI","chr11",100713865,100714278,0.621410183010734,0.648528225245974,-0.960424710424709
"ENSMUSG00000018428","Akap1","unbiased","Bound","CGI","chr11",88863937,88864835,0.00275086127063538,0.0118540698286585,3.29098751030106
"ENSMUSG00000018509","Cenpv","XY","Bound","CGI","chr11",62538503,62539437,0.285922716079275,0.402055068596324,1.06116803368955
"ENSMUSG00000018554","Ybx2","XY","Bound","CGI","chr11",69935341,69936437,0.79233847171412,0.678494968170115,-0.374370163404335
"ENSMUSG00000019578","Ubxn6","unbiased","Unbound","CGI","chr17",56074570,56075137,0.427578294032212,0.507719231297509,0.947490384549462
"ENSMUSG00000019876","Pkib","XY","Unbound","CGI","chr10",57632019,57632220,0.147948075200353,0.270806366153631,2.75421796625627
"ENSMUSG00000019952","Poc1b","unbiased","Unbound","CGI","chr10",99106783,99107741,0.456899331637528,0.533059296979076,-0.732148370308296
"ENSMUSG00000019971","Cep290","unbiased","Bound","CGI","chr10",100487149,100487810,0.86051614348555,0.694751648183395,0.35524920466596
"ENSMUSG00000020020","Usp44","XY","Bound","CGI","chr10",93833672,93834392,0.866871292795162,0.694751648183395,0.432792342904702
"ENSMUSG00000020059","Sycp3","unbiased","Bound","CGI","chr10",88459496,88459991,8.80256720290829e-08,8.71035924118686e-07,-21.5169815307147
"ENSMUSG00000020131","Pcsk4","XY","Bound","CGI","chr10",80323001,80323834,0.497982312238306,0.563757582550215,-1.60628298299543
"ENSMUSG00000020389","Cdkl3","XY","Unbound","CGI","chr11",52004138,52004446,0.723340227955665,0.678494968170115,0.895819508958196
"ENSMUSG00000020434","4921536K21Rik","XY","Bound","CGI","chr11",3894619,3895477,0.0564976474531843,0.13722339532936,2.04589810889023
"ENSMUSG00000020435","Osbp2","XY","Bound","CGI","chr11",3774666,3775008,0.893102816575646,0.69931628385133,0.602755453501722
"ENSMUSG00000020435","Osbp2","XY","Bound","CGI","chr11",3863608,3863857,0.0792221843430101,0.180905359222362,-3.30602374851121
"ENSMUSG00000020525","Ppm1d","XY","Unbound","CGI","chr11",85311037,85312038,0.0352777430791099,0.097602564123716,1.86113754483566
"ENSMUSG00000020525","Ppm1d","XY","Unbound","CGI","chr11",85310618,85310817,0.18149119386567,0.308849133226981,2.1623240491165
"ENSMUSG00000020690","Efcab3","XY","Unbound","CGI","chr11",104685612,104685883,3.45750987333461e-13,5.7734303124811e-12,-31.2616697786076
"ENSMUSG00000020696","Rffl","unbiased","Unbound","CGI","chr11",82870806,82871362,0.356975874821652,0.465238329097448,0.837028976180168
"ENSMUSG00000020698","Cct6b","XY","Unbound","CGI","chr11",82763858,82764791,0.888672036546743,0.698317747078473,-0.102905569007264
"ENSMUSG00000020799","Tekt1","XY","Unbound","CGI","chr11",72361872,72362178,1.81098747595732e-05,0.000119919436844482,-9.06730197706257
"ENSMUSG00000020805","Slc13a5","XY","Unbound","CGI","chr11",72266201,72267320,0.714122982046677,0.678494968170115,-0.497122979415333
"ENSMUSG00000020867","Spata20","XY","Unbound","CGI","chr11",94485987,94486306,0.81735440865643,0.682418690308163,0.590207914151576
"ENSMUSG00000021007","Spata7","XY","Unbound","CGI","chr12",98628039,98628349,0.871065020864433,0.694751648183395,0.265131183005579
"ENSMUSG00000021076","Actr10","unbiased","Unbound","CGI","chr12",70937738,70938157,0.0212833348866507,0.0653598290667493,2.44601889338731
"ENSMUSG00000021078","Tomm20l","XY","Unbound","CGI","chr12",71111373,71111657,0.297689801711949,0.416409924125077,3.49025974025974
"ENSMUSG00000021189","Atxn3","XY","Bound","CGI","chr12",101957880,101958412,0.382594455062942,0.479898673894572,-1.3637591142317
"ENSMUSG00000021203","Otub2","XY","Unbound","CGI","chr12",103388602,103388989,0.919847834620118,0.702163787177552,-0.138047698766774
"ENSMUSG00000021257","Angel1","XY","Unbound","CGI","chr12",86725948,86726559,0.0495619714291162,0.122607009380857,2.38574391274291
"ENSMUSG00000021258","Ccnk","XY","Unbound","CGI","chr12",108178347,108180230,0.801499329199774,0.681968000300266,0.186020064172861
"ENSMUSG00000021363","Mak","XY","Unbound","CGI","chr13",41079331,41079760,0.545326529653754,0.599571297723816,0.792295503146105
"ENSMUSG00000021572","Cep72","XY","Unbound","CGI","chr13",74061994,74062372,0.199388392965428,0.32883295884372,1.81628594985208
"ENSMUSG00000021758","Ddx4","unbiased","Bound","CGI","chr13",112651961,112652503,1.23502229631242e-15,2.53817713577805e-14,-33.3913363325128
"ENSMUSG00000021790","Dydc1","XY","Unbound","CGI","chr14",41072831,41073031,1.27870041833513e-05,8.80748090789211e-05,-29.0366972477064
"ENSMUSG00000021838","Samd4","XY","Bound","CGI","chr14",46881986,46885050,0.361266760450945,0.466281452882814,0.68165135573993
"ENSMUSG00000021918","Nek4","unbiased","Bound","CGI","chr14",30951189,30951763,0.188453035829032,0.312728703035192,-1.1861033796531
"ENSMUSG00000021953","Tdh","unbiased","Bound","CGI","chr14",63508524,63508838,4.34369216631876e-08,4.83546539558634e-07,-16.2110232762407
"ENSMUSG00000022113","Trim52","XY","Bound","CGI","chr14",106106101,106106731,6.32243663683415e-05,0.000344729847545379,-8.75720164609053
"ENSMUSG00000022236","Ropn1l","XY","Unbound","CGI","chr15",31453364,31453883,0.440136424843183,0.518026451168166,-0.842940744992984
"ENSMUSG00000022245","Skor1","XY","Unbound","CGI","chr9",63148671,63149412,0.23856975352594,0.360107857145531,1.44078947368421
"ENSMUSG00000022245","Skor1","XY","Unbound","CGI","chr9",63144140,63146674,0.230548165786551,0.353999708873463,0.677681917754176
"ENSMUSG00000022388","Ttll8","XY","Unbound","CGI","chr15",88954450,88955003,0.041580236135558,0.111090630887425,5.05916847380262
"ENSMUSG00000022429","Dmc1","unbiased","Bound","CGI","chr15",79604888,79605119,0.00795425823540609,0.0291116826243935,-3.69436095606126
"ENSMUSG00000022432","Smc1b","unbiased","Bound","CGI","chr15",85131667,85132180,2.92810969253659e-06,2.30090616065338e-05,-12.0127763216667
"ENSMUSG00000022738","Gsc2","unbiased","Bound","CGI","chr16",17914209,17915177,0.303469938132757,0.422284294171477,-0.986793930245864
"ENSMUSG00000022773","Ypel1","XY","Unbound","CGI","chr16",17070151,17070427,0.0718299655220063,0.168341537130699,-2.91894664842681
"ENSMUSG00000023403","Stk31","unbiased","Bound","CGI","chr6",49395413,49395824,8.8367534587406e-17,1.96744216316237e-15,-22.875591830966
"ENSMUSG00000023806","Rsph3b","unbiased","Unbound","CGI","chr17",6947997,6948787,1.24529533492377e-06,1.07325062263714e-05,12.0715122135258
"ENSMUSG00000024033","Rsph1","XY","Unbound","CGI","chr17",31276993,31277406,0.102964183837946,0.209993265673042,3.55677596511065
"ENSMUSG00000024059","Clip4","XY","Unbound","CGI","chr17",71782572,71783072,0.00859320190799103,0.0306114734634833,5.04728012201322
"ENSMUSG00000024175","Tekt4","XY","Unbound","CGI","chr17",25474649,25474896,0.520225377863264,0.581546056569179,1.00018433086633
"ENSMUSG00000024206","Rfx2","XY","Unbound","CGI","chr17",56830892,56831414,0.436241791522914,0.515714462580723,-1.23845702461472
"ENSMUSG00000024266","Adad2","unbiased","Bound","CGI","chr8",119612565,119612847,0.018273377886307,0.0567689505629342,-6.32809758592593
"ENSMUSG00000024317","Rnf138","XY","Bound","CGI","chr18",21001203,21002536,0.285535993727228,0.402055068596324,-1.07067205854034
"ENSMUSG00000024387","Csnk2b","XY","Unbound","CGI","chr17",35120810,35121786,0.79810482068898,0.681249314461664,-0.334776910365263
"ENSMUSG00000024430","Cabyr","XY","Unbound","CGI","chr18",12741281,12741568,0.0376175749951447,0.101518708154431,-5.79608938547486
"ENSMUSG00000025069","Gsto2","XY","Bound","CGI","chr19",47865359,47865909,0.870705123585159,0.694751648183395,-0.219743409372592
"ENSMUSG00000025081","Tdrd1","XY","Bound","CGI","chr19",56826158,56826522,0.982406054559513,0.731117305171469,-0.0644248464130193
"ENSMUSG00000025171","Ubtd1","XY","Unbound","CGI","chr19",41980926,41982472,0.169965433184293,0.2948698483356,1.05673138651448
"ENSMUSG00000025219","Fgf8","XY","Unbound","CGI","chr19",45742425,45742922,0.229491392182077,0.353999708873463,2.73410799726589
"ENSMUSG00000025231","Sufu","unbiased","Unbound","CGI","chr19",46396877,46397344,0.0450710520410718,0.118055984005382,2.85202863961814
"ENSMUSG00000025420","Katnal2","XY","Unbound","CGI","chr18",77047266,77047473,0.412155201873467,0.499917859421677,1.32770687525731
"ENSMUSG00000025423","Pias2","unbiased","Unbound","CGI","chr18",77064942,77065874,0.731412518833653,0.678494968170115,0.6437279252592
"ENSMUSG00000025480","Syce1","unbiased","Bound","CGI","chr7",140787636,140787929,3.01393749595006e-05,0.000187264850288652,-15.3871154123935
"ENSMUSG00000025495","Ptdss2","unbiased","Bound","CGI","chr7",141131189,141131694,0.55542453788354,0.605688683859809,-0.660475370666388
"ENSMUSG00000025757","Hspa4l","XY","Bound","CGI","chr3",40745021,40745862,0.376338590568004,0.47879536895256,-1.17023445463812
"ENSMUSG00000025977","Boll","XY","Bound","CGI","chr1",55362483,55363657,0.106066984763158,0.213112524371193,-4.25087108013937
"ENSMUSG00000025983","Ccdc150","XY","Unbound","CGI","chr1",54250571,54250800,0.0002509755955195,0.00128949193890652,8.90836071558963
"ENSMUSG00000026226","Spata3","XY","Bound","CGI","chr1",86018291,86018836,0.750472484896566,0.678494968170115,-0.525502466742173
"ENSMUSG00000026650","Meig1","XY","Unbound","CGI","chr2",3418949,3419265,0.562986375550946,0.610317745169382,0.954324075292879
"ENSMUSG00000026790","Odf2","XY","Bound","CGI","chr2",29889283,29890726,0.584532733188785,0.624682456276501,-0.532315565309659
"ENSMUSG00000026807","Ak8","XY","Unbound","CGI","chr2",28700081,28700321,0.0424997588709577,0.112423104524136,-4.89500147885241
"ENSMUSG00000027088","Phospho2","XY","Unbound","CGI","chr2",69789429,69789895,0.248932744296304,0.365926687632401,-1.09060467116733
"ENSMUSG00000027327","1700037H04Rik","unbiased","Bound","CGI","chr2",131159930,131160570,0.00948858417488195,0.0325010426606615,2.95747948361088
"ENSMUSG00000027378","Nphp1","XY","Unbound","CGI","chr2",127788655,127788974,0.247023495180224,0.365926687632401,2.25608845062005
"ENSMUSG00000027459","Fam110a","unbiased","Unbound","CGI","chr2",151979938,151980339,0.642152347492703,0.66731846485473,-1.05654761904762
"ENSMUSG00000027520","Zdbf2","XY","Bound","CGI","chr1",63273065,63273913,0.783688919861772,0.678494968170115,-0.229937995206782
"ENSMUSG00000027550","Lrrcc1","XY","Bound","CGI","chr3",14533767,14534090,0.831133927168493,0.685263486564818,0.362021857923497
"ENSMUSG00000027601","Mtfr1","XY","Bound","CGI","chr3",19188031,19188573,0.217093061892659,0.344086200155246,1.8869182002216
"ENSMUSG00000027708","Dcun1d1","unbiased","Unbound","CGI","chr3",35932344,35933154,0.974863320027701,0.729568367561688,-0.0407344738986022
"ENSMUSG00000027719","Adad1","XY","Bound","CGI","chr3",37063502,37063863,6.55900426288992e-20,1.94708936872546e-18,-44.0691077875193
"ENSMUSG00000027855","Sycp1","unbiased","Bound","CGI","chr3",102935376,102936230,5.07088409857976e-05,0.000294521046129633,-12.0771538076987
"ENSMUSG00000028109","Hormad1","unbiased","Bound","CGI","chr3",95559528,95559728,6.22980460735617e-17,1.5131159950833e-15,-33.1854480922804
"ENSMUSG00000028182","Lrriq3","XY","Unbound","CGI","chr3",155093200,155093621,0.877725003062028,0.697611915946308,0.35597844167942
"ENSMUSG00000028264","Spaca1","XY","Bound","CGI","chr4",34049769,34050143,0.00398972686946419,0.0159095847576252,-10.4868035190616
"ENSMUSG00000028389","Zfp37","XY","Bound","CGI","chr4",62208321,62208792,0.201323662507416,0.329767271115379,-1.35354341178035
"ENSMUSG00000028391","Wdr31","XY","Unbound","CGI","chr4",62470755,62471016,0.908187486854388,0.700461668431879,0.193696525007376
"ENSMUSG00000028411","Aptx","XY","Unbound","CGI","chr4",40703054,40703371,0.908163001002106,0.700461668431879,-0.127323656735422
"ENSMUSG00000028441","1110017D15Rik","XY","Unbound","CGI","chr4",41507019,41507326,0.820337307350384,0.682775473722197,0.210882461994809
"ENSMUSG00000028458","Tesk1","XY","Unbound","CGI","chr4",43442130,43443684,0.766476135012783,0.678494968170115,-0.226084890719037
"ENSMUSG00000028610","Dmrtb1","XY","Bound","CGI","chr4",107683546,107683992,6.02709046419173e-05,0.000342610235929232,-13.9130026746751
"ENSMUSG00000028637","Ccdc30","XY","Unbound","CGI","chr4",119415185,119415588,0.371350777897302,0.474710167482657,-0.889789151391173
"ENSMUSG00000028706","Nsun4","unbiased","Unbound","CGI","chr4",116053701,116053959,0.0954321443915376,0.203974159123731,1.56488141770102
"ENSMUSG00000028758","Kif17","XY","Unbound","CGI","chr4",138262133,138262776,0.394284389127358,0.489961103707712,-0.716347263911337
"ENSMUSG00000028758","Kif17","XY","Unbound","CGI","chr4",138250168,138250804,0.0805803260374978,0.180935860963839,-3.04597701149425
"ENSMUSG00000028793","Rnf19b","unbiased","Unbound","CGI","chr4",129057959,129058940,0.0252275554123346,0.0748898811062011,1.54477101845523
"ENSMUSG00000029003","Mad2l2","XY","Unbound","CGI","chr4",148140077,148140811,0.275805992626727,0.391955109874111,-1.18136300238458
"ENSMUSG00000029130","Rnf32","XY","Bound","CGI","chr5",29195495,29196293,0.42557033824266,0.507590884132323,-0.844430738176007
"ENSMUSG00000029155","Spata18","XY","Unbound","CGI","chr5",73651156,73651585,0.183347487705137,0.309305246429556,3.34114379935781
"ENSMUSG00000029165","Agbl5","XY","Bound","CGI","chr5",30888745,30889160,0.127829220149624,0.238827638126549,-1.75596001025378
"ENSMUSG00000029206","Nsun7","XY","Unbound","CGI","chr5",66259951,66260315,0.340362897154619,0.452414625344976,-2.83764367816092
"ENSMUSG00000029279","Brdt","XY","Bound","CGI","chr5",107331015,107331244,0.000261892390340005,0.00132019320078009,-12.8057380277753
"ENSMUSG00000029320","1700016H13Rik","XY","Bound","CGI","chr5",103655340,103655818,0.36065085825743,0.466281452882814,1.93570518474958
"ENSMUSG00000029423","Piwil1","XY","Bound","CGI","chr5",128736038,128736348,0.858218795617505,0.694751648183395,-0.599498094618456
"ENSMUSG00000029769","Ccdc136","XY","Unbound","CGI","chr6",29402793,29403103,0.0136856190520707,0.0445903700329232,-6.23326737283203
"ENSMUSG00000029769","Ccdc136","XY","Unbound","CGI","chr6",29396381,29396656,0.122734374503866,0.235907579799961,-3.87488328664799
"ENSMUSG00000029828","4921507P07Rik","XY","Bound","CGI","chr6",50596373,50596701,0.755643983479625,0.678494968170115,-0.583679425300258
"ENSMUSG00000029848","Stra8","XX","Unbound","CGI","chr6",34921373,34921757,0.00945888280408993,0.0325010426606615,12.860310421286
"ENSMUSG00000030030","1700003E16Rik","XY","Unbound","CGI","chr6",83156320,83156590,0.154184843471652,0.276468653638751,1.44689550924088
"ENSMUSG00000030069","Prok2","XY","Bound","CGI","chr6",99726181,99726741,0.687883425506492,0.678494968170115,-0.560418173851907
"ENSMUSG00000030301","Ccdc91","XY","Bound","CGI","chr6",147475833,147476518,0.152821301994529,0.275875200502,-1.71058714748035
"ENSMUSG00000030491","Tdrd12","XY","Bound","CGI","chr7",35537405,35537789,6.38442619974959e-43,5.68579370314401e-41,-45.5896177465236
"ENSMUSG00000030544","Mesp1","XY","Bound","CGI","chr7",79792645,79793510,0.172421783146929,0.297201444394675,-1.75779188533086
"ENSMUSG00000030556","Lrrc28","XY","Unbound","CGI","chr7",67645093,67645816,0.0968900146876899,0.205321810118576,-1.31147703797871
"ENSMUSG00000031027","Stk33","XY","Bound","CGI","chr7",109438771,109439363,0.000229877215135609,0.0012042488295379,-6.10995706965794
"ENSMUSG00000031787","Katnb1","unbiased","Unbound","CGI","chr8",95080879,95081149,0.700914847212161,0.678494968170115,-0.386851196756242
"ENSMUSG00000031787","Katnb1","unbiased","Unbound","CGI","chr8",95081357,95081577,0.789114917143457,0.678494968170115,0.557600089216015
"ENSMUSG00000031847","1700030J22Rik","XY","Unbound","CGI","chr8",116978663,116979149,0.767631800406363,0.678494968170115,-0.316473020283992
"ENSMUSG00000031849","Comp","XY","Unbound","CGI","chr8",70374475,70375385,0.31641585499281,0.43352496060916,-1.32391048292108
"ENSMUSG00000031849","Comp","XY","Unbound","CGI","chr8",70373409,70373656,0.129675057256966,0.240593803622808,-2.74856545574778
"ENSMUSG00000031898","Dpep3","XY","Unbound","CGI","chr8",105979060,105979549,1.84027597032798e-05,0.000119919436844482,-6.0051414841834
"ENSMUSG00000032010","Usp2","XY","Bound","CGI","chr9",44066831,44067244,0.681100960371507,0.678494968170115,0.4933675652546
"ENSMUSG00000032010","Usp2","XY","Bound","CGI","chr9",44084733,44085287,0.759230260026645,0.678494968170115,-0.322228748846186
"ENSMUSG00000032065","Tex12","unbiased","Bound","CGI","chr9",50561132,50561392,3.40544657544737e-05,0.000202186446510849,-15.7725128531298
"ENSMUSG00000032285","Dnaja4","unbiased","Bound","CGI","chr9",54699061,54700046,0.390207372648073,0.487160625249767,-0.905026234271963
"ENSMUSG00000032396","Dis3l","XY","Bound","CGI","chr9",64340474,64341326,0.882551604211544,0.697611915946308,0.204203947086776
"ENSMUSG00000032497","Lrrfip2","unbiased","Bound","CGI","chr9",111117914,111118651,0.106088945496994,0.213112524371193,2.41044839615417
"ENSMUSG00000032512","Wdr48","unbiased","Unbound","CGI","chr9",119894749,119895533,0.761469769272085,0.678494968170115,-0.417555281176338
"ENSMUSG00000032514","Ttc21a","XY","Bound","CGI","chr9",119937451,119937779,0.169956508801662,0.2948698483356,2.86807724453438
"ENSMUSG00000032534","Cep63","XY","Bound","CGI","chr9",102625777,102626648,0.743145585168929,0.678494968170115,0.400571635774161
"ENSMUSG00000032671","A930018P22Rik","XY","Unbound","CGI","chr2",104122632,104123347,0.0564659192944357,0.13722339532936,-3.15993199001556
"ENSMUSG00000032852","Rspo4","XY","Unbound","CGI","chr2",151842767,151843046,0.981665727941397,0.731117305171469,0.0803600128576026
"ENSMUSG00000032869","Psmf1","XY","Unbound","CGI","chr2",151740829,151741394,0.0766806321838999,0.178146923255525,-1.64602495219015
"ENSMUSG00000033276","Stk36","XY","Unbound","CGI","chr1",74601096,74601459,0.695788123788652,0.678494968170115,-0.404620706696318
"ENSMUSG00000033701","Acbd6","unbiased","Unbound","CGI","chr1",155558149,155558794,0.249272856626109,0.365926687632401,1.01561582716919
"ENSMUSG00000033760","Rbm4b","unbiased","Unbound","CGI","chr19",4756355,4756833,0.662068856276415,0.672516800582401,-0.846973734297678
"ENSMUSG00000033949","Trim36","XY","Unbound","CGI","chr18",46211932,46212233,0.0107281504478076,0.0358282297152159,6.65497076023392
"ENSMUSG00000033949","Trim36","XY","Unbound","CGI","chr18",46198147,46199234,0.833586112673836,0.685263486564818,-0.272530426342119
"ENSMUSG00000033983","Coil","XY","Unbound","CGI","chr11",88973828,88974336,0.744314111832326,0.678494968170115,-0.452781047306605
"ENSMUSG00000034391","Fbxo15","unbiased","Unbound","CGI","chr18",84951928,84952277,0.758035374826742,0.678494968170115,0.365402405180388
"ENSMUSG00000034401","Spata6","XY","Unbound","CGI","chr4",111719933,111720309,0.115046088876616,0.226007802345996,3.03030303030303
"ENSMUSG00000034731","Dgkh","unbiased","Bound","CGI","chr14",78731813,78733108,0.0290969038342535,0.085427140239317,1.80506215626069
"ENSMUSG00000034731","Dgkh","unbiased","Bound","CGI","chr14",78724772,78725265,0.18407462699613,0.309305246429556,-2.04545454545455
"ENSMUSG00000034813","Grip1","XY","Bound","CGI","chr10",119453412,119454752,0.337488796986551,0.45083730708557,0.949579286625857
"ENSMUSG00000035032","Nek11","unbiased","Bound","CGI","chr9",105395089,105395645,0.107806827842623,0.214947278489174,1.72135556750941
"ENSMUSG00000035202","Lars2","unbiased","Unbound","CGI","chr9",123366756,123367131,0.715262748048077,0.678494968170115,0.632911392405063
"ENSMUSG00000035211","Xrra1","XY","Bound","CGI","chr7",99858891,99859223,0.495308662042317,0.563116875607965,0.914406455490992
"ENSMUSG00000035298","Klhl35","unbiased","Bound","CGI","chr7",99468223,99469101,1.56911893519775e-06,1.31007562613575e-05,-5.22985733956817
"ENSMUSG00000035594","Chrna5","XY","Unbound","CGI","chr9",54981332,54981615,0.593081651893344,0.628788267299142,-0.78781512605042
"ENSMUSG00000035696","Rnf38","unbiased","Unbound","CGI","chr4",44167372,44168501,0.118094639041379,0.228634402184489,-1.97887227979121
"ENSMUSG00000035890","Rnf126","unbiased","Unbound","CGI","chr10",79766464,79767766,0.67428155327946,0.677251731003333,0.383938167432714
"ENSMUSG00000036251","Trpm8","XY","Bound","CGI","chr1",88277215,88277704,0.695059351980095,0.678494968170115,-0.365617910317107
"ENSMUSG00000036411","9530077C05Rik","XY","Unbound","CGI","chr9",22411369,22411818,0.998629286797725,0.737244100200245,-0.00189762322690828
"ENSMUSG00000036432","Siah2","XY","Unbound","CGI","chr3",58691571,58692626,0.00243581177470325,0.0106685248287632,3.31478071938995
"ENSMUSG00000036555","Iqce","unbiased","Unbound","CGI","chr5",140701900,140702429,0.261072273234992,0.375453600474877,-1.51769188894937
"ENSMUSG00000036602","Alx1","XY","Bound","CGI","chr10",103028167,103028662,0.787152170673627,0.678494968170115,-0.262635206279314
"ENSMUSG00000036928","Stag3","unbiased","Bound","CGI","chr5",138279872,138280582,0.707325993265666,0.678494968170115,-0.380157048485604
"ENSMUSG00000037171","Nodal","unbiased","Unbound","CGI","chr10",61418359,61418682,0.552422832759226,0.604884249316176,-0.495615448547246
"ENSMUSG00000037278","Tmem97","XY","Bound","CGI","chr11",78550434,78551076,0.319476316004961,0.434411712846744,-0.945849336959265
"ENSMUSG00000037279","Ovol2","XY","Unbound","CGI","chr2",144330651,144332212,0.0338314865778428,0.0963281976098856,-1.84347557477605
"ENSMUSG00000037363","Letm2","XY","Bound","CGI","chr8",25596978,25597711,0.649486497548392,0.669978466524512,0.329287130361322
"ENSMUSG00000037621","Atoh8","XY","Unbound","CGI","chr6",72234376,72235599,0.061053610740531,0.144352194876826,1.3564410650821
"ENSMUSG00000037622","Wdtc1","unbiased","Unbound","CGI","chr4",133338828,133339662,0.397593275000488,0.491785546378738,-1.05570530098832
"ENSMUSG00000037627","Rgs22","XY","Unbound","CGI","chr15",36140276,36140581,0.14880030806386,0.270806366153631,3.40530103563279
"ENSMUSG00000037628","Cdkn3","XY","Unbound","CGI","chr14",46760330,46760830,0.356715159289496,0.465238329097448,1.233955412937
"ENSMUSG00000037708","Spag6","XY","Unbound","CGI","chr2",18698658,18699226,0.0364193851845251,0.0992880579396713,2.36320615202603
"ENSMUSG00000037885","Stk35","unbiased","Bound","CGI","chr2",129800325,129801953,0.328750688752569,0.443600434522266,-0.555186772071691
"ENSMUSG00000037979","Ccdc92","XY","Unbound","CGI","chr5",124861635,124863714,0.0591178002857971,0.141023251944385,1.56652634264575
"ENSMUSG00000038042","Ptpdc1","XY","Bound","CGI","chr13",48625243,48626007,0.0338915012082266,0.0963281976098856,-2.02312480535505
"ENSMUSG00000038057","Dbil5","XY","Bound","CGI","chr11",76217136,76217718,0.186383790040979,0.311227982738883,1.27633236328889
"ENSMUSG00000038180","Spag4","XY","Unbound","CGI","chr2",156065180,156065913,0.896874890867538,0.69931628385133,-0.155315232397607
"ENSMUSG00000038300","Pth2","unbiased","Unbound","CGI","chr7",45181529,45182563,0.644410140995066,0.66731846485473,0.526701879496316
"ENSMUSG00000038564","Ift172","XY","Unbound","CGI","chr5",31291016,31291324,0.599659980538959,0.630756640628946,0.492430178980033
"ENSMUSG00000038770","Kpna7","unbiased","Unbound","CGI","chr5",145083703,145084075,0.238423997548466,0.360107857145531,-3.66931918656057
"ENSMUSG00000038932","Tcfl5","XY","Unbound","CGI","chr2",180641946,180642920,0.90888464008674,0.700461668431879,0.0996648632072376
"ENSMUSG00000038936","Sccpdh","XY","Unbound","CGI","chr1",179667886,179668692,0.814736163141748,0.682365077581434,0.203331922355929
"ENSMUSG00000039110","Mycbpap","XY","Unbound","CGI","chr11",94521257,94521557,0.0998225660055792,0.205771697471944,-2.59601680433988
"ENSMUSG00000039179","Tekt5","XY","Unbound","CGI","chr16",10395056,10395291,0.811988620012166,0.682202496643219,0.802139037433156
"ENSMUSG00000039198","Ptchd3","XY","Bound","CGI","chr11",121830177,121830581,2.03404831590922e-07,1.94085779061324e-06,-15.9509719014627
"ENSMUSG00000039200","Atf7ip2","unbiased","Unbound","CGI","chr16",10192721,10193313,0.826289753670845,0.683471369565435,0.425018813710064
"ENSMUSG00000039224","D1Pas1","XY","Bound","CGI","chr1",186967391,186968306,1.68618509315396e-220,4.50500966807296e-218,-64.243530584994
"ENSMUSG00000039782","Cpeb2","XY","Bound","CGI","chr5",43232666,43235198,0.779503683784774,0.678494968170115,0.19957779376086
"ENSMUSG00000040140","Tdrd6","XY","Bound","CGI","chr17",43629721,43630425,0.00395457850892776,0.0159095847576252,6.00846928361437
"ENSMUSG00000040364","Sec1","unbiased","Bound","CGI","chr7",45694004,45694347,7.28292703160281e-07,6.70962800368843e-06,-12.3184249123253
"ENSMUSG00000040489","Sox30","XY","Bound","CGI","chr11",45980059,45980944,0.209547819775034,0.335241022987337,-2.29412047497717
"ENSMUSG00000040594","Ranbp17","XY","Unbound","CGI","chr11",33513023,33513849,0.226592122377999,0.353999708873463,1.5439323586221
"ENSMUSG00000040629","Mael","XY","Bound","CGI","chr1",166238499,166238965,0.023168701645677,0.0703411568558492,-9.24000924000923
"ENSMUSG00000040812","Agbl2","XY","Unbound","CGI","chr2",90783013,90783265,0.266251795198517,0.380400798520001,-3.11073059360731
"ENSMUSG00000040829","Zmynd15","XY","Unbound","CGI","chr11",70459545,70459769,0.91015865362932,0.700461668431879,0.305064063453325
"ENSMUSG00000040875","Osbpl10","XY","Unbound","CGI","chr9",114978048,114979085,0.758426321209606,0.678494968170115,0.393636214531737
"ENSMUSG00000040936","Ulk4","unbiased","Unbound","CGI","chr9",121277066,121277957,0.100124073590318,0.205771697471944,-1.24116470326739
"ENSMUSG00000041161","Otud3","unbiased","Unbound","CGI","chr4",138913424,138914024,0.985143341127087,0.731117883636686,-0.0216684723726976
"ENSMUSG00000041343","Ankrd42","XY","Unbound","CGI","chr7",92636530,92637265,0.0479621438153398,0.120888003041332,-2.5317704633357
"ENSMUSG00000041623","D11Wsu47e","XY","Unbound","CGI","chr11",113683425,113684750,0.417266033363037,0.499917859421677,0.508664846152641
"ENSMUSG00000041679","Lrrc29","XY","Unbound","CGI","chr8",105326036,105326674,0.930673502299474,0.704348586242998,-0.0737174687136959
"ENSMUSG00000041703","Zic5","XY","Bound","CGI","chr14",122463431,122465286,0.598704119340595,0.630756640628946,0.372030606341377
"ENSMUSG00000041805","Pramel1","unbiased","Bound","CGI","chr4",143394308,143394853,1.98090090910967e-05,0.000126009689865201,-14.6216153351485
"ENSMUSG00000041809","Efhc1","XY","Unbound","CGI","chr1",20951664,20951890,0.380712714377268,0.479790894572077,2.95260295260295
"ENSMUSG00000042197","Zfp451","unbiased","Bound","CGI","chr1",33814132,33814690,0.711814869079932,0.678494968170115,-0.364918408197896
"ENSMUSG00000042293","Gm5617","XY","Bound","CGI","chr9",48495048,48495925,0.0324772657760584,0.0943152920264325,-1.74102917007846
"ENSMUSG00000042360","4930433N12Rik","XY","Bound","CGI","chr9",3199800,3200105,0.000328146573231758,0.00162354598989525,13.6604136604137
"ENSMUSG00000042616","Oscp1","XY","Unbound","CGI","chr4",126058283,126058808,0.206646775032998,0.33460711353675,1.05921052631579
"ENSMUSG00000042628","Zfyve1","unbiased","Unbound","CGI","chr12",83596831,83597435,0.736826502540694,0.678494968170115,0.529517800811177
"ENSMUSG00000043410","Hfm1","unbiased","Bound","CGI","chr5",106925743,106926046,0.81141876815581,0.682202496643219,0.883838383838384
"ENSMUSG00000043535","Setx","XY","Unbound","CGI","chr2",29124687,29125657,0.780903123064457,0.678494968170115,0.26220727863718
"ENSMUSG00000043541","Casc1","XY","Unbound","CGI","chr6",145210862,145211224,0.659800388174754,0.672516800582401,-1.06543624161074
"ENSMUSG00000043629","1700019D03Rik","XY","Bound","CGI","chr1",52952628,52952957,0.0066192248143669,0.0256299950724645,-5.42574346922173
"ENSMUSG00000043648","Pld6","XY","Bound","CGI","chr11",59787192,59787738,0.40212284494433,0.492825004576849,-0.931277190252184
"ENSMUSG00000044042","Fmn1","XY","Unbound","CGI","chr2",113327378,113327814,0.481154191497222,0.551720135479323,1.37754161803551
"ENSMUSG00000044303","Cdkn2a","unbiased","Bound","CGI","chr4",89294134,89295553,0.842559436193994,0.690515495052711,-0.230832073143175
"ENSMUSG00000044320","1700001O22Rik","XY","Bound","CGI","chr2",30801098,30801723,0.886858466850486,0.698317747078473,-0.17239154083006
"ENSMUSG00000044477","Zfand3","unbiased","Bound","CGI","chr17",30004198,30005089,0.567859011178733,0.611264699227392,-0.669636093688453
"ENSMUSG00000044518","Foxe3","XY","Bound","CGI","chr4",114925023,114926090,0.695974410286391,0.678494968170115,0.425222720667214
"ENSMUSG00000044526","Znrf4","XY","Bound","CGI","chr17",56511300,56512467,4.90347758269644e-10,6.89510803095805e-09,10.5009060487018
"ENSMUSG00000044566","Cage1","XY","Bound","CGI","chr13",38036862,38037571,0.247885732908158,0.365926687632401,-1.05436632150392
"ENSMUSG00000045211","Nudt18","XY","Bound","CGI","chr14",70577468,70578210,0.0887789091773169,0.194431799505308,2.10766586419688
"ENSMUSG00000045248","Med26","unbiased","Unbound","CGI","chr8",72547482,72549064,0.53845990664557,0.594468007795949,0.480941686106155
"ENSMUSG00000045252","Zfp574","XY","Unbound","CGI","chr7",25076826,25077734,0.702321649300639,0.678494968170115,0.414556962025317
"ENSMUSG00000045275","Lca5l","XY","Bound","CGI","chr16",96191820,96192388,0.809111294698533,0.682202496643219,0.269610102313577
"ENSMUSG00000045467","Ttll13","XY","Unbound","CGI","chr7",80246219,80246618,0.0354358194056727,0.097602564123716,2.58426415833823
"ENSMUSG00000045521","Tssk2","XY","Unbound","CGI","chr16",17898929,17899138,0.7904415350182,0.678494968170115,-0.35418003755735
"ENSMUSG00000045631","Tmprss12","XY","Unbound","CGI","chr15",100280853,100281074,0.0131433793816107,0.0433523362817813,-9.27063132945486
"ENSMUSG00000046000","Naa11","XY","Unbound","CGI","chr5",97391968,97392401,3.28358920582163e-39,2.19320541651471e-37,-45.5149828066154
"ENSMUSG00000046173","Pabpc6","XY","Unbound","CGI","chr17",9669333,9669561,8.45557071453681e-11,1.32887608674687e-09,-20.1511089013975
"ENSMUSG00000046337","Fam178b","XY","Bound","CGI","chr1",36683086,36683438,1.3932515576105e-26,5.31767730141383e-25,-30.9419773692958
"ENSMUSG00000046408","1700067K01Rik","XY","Bound","CGI","chr8",84001298,84001819,0.00968295770495956,0.0327469928776603,-4.41150610458571
"ENSMUSG00000046637","Ttc34","XY","Bound","CGI","chr4",154855652,154856464,0.161475867183411,0.28761189811456,-1.22138327702575
"ENSMUSG00000046846","Spesp1","XY","Unbound","CGI","chr9",62282067,62282293,0.00341557511636784,0.0144848423645871,-10.9540534315983
"ENSMUSG00000047129","1700113H08Rik","XY","Unbound","CGI","chr10",87058385,87058611,0.518698853290025,0.581546056569179,-2.32683982683983
"ENSMUSG00000047227","Gm527","unbiased","Unbound","CGI","chr12",64917788,64918353,0.208676393613983,0.335241022987337,-1.94368900975844
"ENSMUSG00000047257","Prss45","XY","Unbound","CGI","chr9",110834517,110834728,5.84929689834211e-09,7.10348498444211e-08,-17.4969879518072
"ENSMUSG00000047446","Arl4a","XY","Bound","CGI","chr12",40037328,40038224,0.415323208620168,0.499917859421677,-0.950880243425342
"ENSMUSG00000047515","BC049715","XY","Unbound","CGI","chr6",136827681,136828198,0.217823577407659,0.344086200155246,-1.1770062606716
"ENSMUSG00000047674","Pdha2","XY","Unbound","CGI","chr3",141211322,141211889,2.10268412511371e-09,2.67513203988734e-08,-8.38117232554471
"ENSMUSG00000047751","Utf1","unbiased","Bound","CGI","chr7",139943714,139944962,0.928071975263536,0.704348586242998,-0.0633018769827444
"ENSMUSG00000048029","Eno4","XY","Unbound","CGI","chr19",58943154,58943782,0.537004452561253,0.594468007795949,0.52204296080678
"ENSMUSG00000048230","Fbxo43","XY","Unbound","CGI","chr15",36164664,36165153,0.897795200406032,0.69931628385133,-0.186186575138426
"ENSMUSG00000048439","Nupl2","XY","Unbound","CGI","chr5",24164873,24165339,0.00882885993073333,0.0310371272152973,-3.03496941796883
"ENSMUSG00000048696","Mex3d","XY","Unbound","CGI","chr10",80386628,80387907,0.046752165196471,0.118960535781305,2.44757940178847
"ENSMUSG00000048707","Tprn","XY","Bound","CGI","chr2",25262565,25263446,0.468876961965218,0.542297242729461,-0.47177944926577
"ENSMUSG00000048787","Dcun1d3","unbiased","Bound","CGI","chr7",119896107,119896407,0.379243208734157,0.479790894572077,-1.48023060990251
"ENSMUSG00000049811","Fam161a","XY","Unbound","CGI","chr11",23008255,23008693,0.531571737886466,0.591753891712839,0.669332539504737
"ENSMUSG00000050050","Ccdc158","XY","Bound","CGI","chr5",92675036,92675257,6.57583495050298e-06,4.88021420989911e-05,-35.989010989011
"ENSMUSG00000050197","Rhox13","unbiased","Unbound","CGI","chrX",38121103,38121770,6.27952125355959e-05,0.000344729847545379,-15.9437822451521
"ENSMUSG00000050860","Phospho1","XY","Bound","CGI","chr11",95823999,95824710,0.871131887032222,0.694751648183395,0.18037518037518
"ENSMUSG00000050945","Zfp438","unbiased","Bound","CGI","chr18",5334182,5334975,0.704471798978898,0.678494968170115,-0.320142530078163
"ENSMUSG00000051582","Otud6a","unbiased","Unbound","CGI","chrX",100429025,100429392,5.48812395306631e-08,5.86508600236785e-07,-26.2971112215203
"ENSMUSG00000051586","Mical3","unbiased","Unbound","CGI","chr6",121109704,121110111,0.73703746338613,0.678494968170115,0.701994384044928
"ENSMUSG00000052496","Pkdrej","XY","Unbound","CGI","chr15",85821438,85821894,0.586990875480096,0.624810199865128,-0.936405180877202
"ENSMUSG00000052920","Prkg1","XY","Bound","CGI","chr19",31764060,31764689,0.56423817854922,0.610317745169382,0.718340495517004
"ENSMUSG00000052920","Prkg1","XY","Bound","CGI","chr19",31663917,31664750,0.696935633800237,0.678494968170115,-0.388083925603068
"ENSMUSG00000052926","Rnaseh2a","XY","Unbound","CGI","chr8",84965828,84966156,0.792309276658653,0.678494968170115,-0.238632531839286
"ENSMUSG00000053153","Spag16","XY","Bound","CGI","chr1",69826865,69827202,0.000867424228028102,0.00406581088629157,-9.09842845326716
"ENSMUSG00000053654","Krt42","XY","Unbound","CGI","chr11",100265545,100265746,0.00710928014991745,0.0266010171491398,5.758189800743
"ENSMUSG00000053783","1700016K19Rik","XY","Unbound","CGI","chr11",75999942,76000210,0.0035573305601477,0.0148502830359702,5.42425917865587
"ENSMUSG00000053914","Kdm4d","XY","Unbound","CGI","chr9",14500258,14500932,0.0949306754562785,0.203974159123731,1.59465568212528
"ENSMUSG00000054160","Nkx2-4","XY","Unbound","CGI","chr2",147083840,147085557,0.0180331259782562,0.0566816615715838,-2.80927522929932
"ENSMUSG00000054383","Pnma1","XY","Unbound","CGI","chr12",84148117,84148569,0.169267789023221,0.2948698483356,-1.79763337658074
"ENSMUSG00000054901","Arhgef33","unbiased","Bound","CGI","chr17",80373095,80374015,8.05594901278663e-07,7.17440577064669e-06,-7.0933902779247
"ENSMUSG00000055862","Izumo4","XY","Unbound","CGI","chr10",80702542,80702862,0.701907713960433,0.678494968170115,-0.391292314446321
"ENSMUSG00000057132","Rpgrip1","XY","Bound","CGI","chr14",52119198,52119414,0.00380060889673587,0.0156217723882928,6.63328664103558
"ENSMUSG00000057156","Homez","XY","Bound","CGI","chr14",54863829,54864469,0.998916977806288,0.737244100200245,0.00151503673964104
"ENSMUSG00000058046","4933430I17Rik","XY","Unbound","CGI","chr4",62524697,62525573,0.745695181845386,0.678494968170115,-0.246461071789687
"ENSMUSG00000058709","Egln2","XY","Unbound","CGI","chr7",27166122,27166952,0.824124213885853,0.683471369565435,-0.280900534065091
"ENSMUSG00000059288","Cdyl","XY","Bound","CGI","chr13",35740687,35742379,0.0069771296463292,0.0266010171491398,2.60499314584805
"ENSMUSG00000059395","Nkapl","XY","Bound","CGI","chr13",21468197,21468632,0.0995843100038316,0.205771697471944,-1.48246308333133
"ENSMUSG00000059540","Tcea2","XY","Unbound","CGI","chr2",181680145,181680698,0.736832862884589,0.678494968170115,0.367784565515521
"ENSMUSG00000059834","Sclt1","XY","Bound","CGI","chr3",41742172,41742675,0.320314995676749,0.434411712846744,1.07413600891862
"ENSMUSG00000059920","4930453N24Rik","XY","Bound","CGI","chr16",64770528,64771233,0.664533047259796,0.672516800582401,-0.490303142308318
"ENSMUSG00000059970","Hspa2","XY","Bound","CGI","chr12",76403464,76406165,0.000563685959384529,0.00273819901298822,-2.38507044987365
"ENSMUSG00000060176","Kif27","XY","Bound","CGI","chr13",58358700,58359201,0.735288845629908,0.678494968170115,-0.870832203849281
"ENSMUSG00000060260","Pwwp2b","XY","Unbound","CGI","chr7",139248234,139249006,0.933255219412932,0.704348586242998,-0.099941653648529
"ENSMUSG00000060445","Sycp2","XY","Bound","CGI","chr2",178407227,178407650,4.17162273861199e-06,3.18439888705014e-05,-18.6566187536807
"ENSMUSG00000060499","Rpl10l","XY","Bound","CGI","chr12",66283874,66284400,1.40081870656467e-126,1.87129569639573e-124,-53.3915419339511
"ENSMUSG00000060771","Tsga10","XY","Unbound","CGI","chr1",37864614,37865324,0.312396271708865,0.430223960569587,-1.08435187194137
"ENSMUSG00000061298","Agbl4","XY","Unbound","CGI","chr4",110397657,110397895,0.04850812623313,0.121121489555961,3.7593984962406
"ENSMUSG00000061882","Ccdc62","XY","Bound","CGI","chr5",123930496,123930954,0.0867233729439801,0.193083603903054,1.33873456790123
"ENSMUSG00000062732","Lypd4","XY","Bound","CGI","chr7",24869700,24870221,0.00716869755157158,0.0266010171491398,-9.50837988826816
"ENSMUSG00000062859","Tcp11","XY","Unbound","CGI","chr17",28079762,28080271,0.88155336385834,0.697611915946308,-0.271742878819229
"ENSMUSG00000062859","Tcp11","XY","Unbound","CGI","chr17",28080588,28080888,0.659038513259275,0.672516800582401,-2.04125177809388
"ENSMUSG00000063409","Lrrc43","XY","Unbound","CGI","chr5",123489275,123489478,9.93143367365419e-06,7.17134645558705e-05,19.7973011444514
"ENSMUSG00000063652","Slc22a21","unbiased","Bound","CGI","chr11",53979552,53980496,0.610093592172221,0.639214716298486,0.419272927142812
"ENSMUSG00000063972","Nr6a1","unbiased","Unbound","CGI","chr2",38925259,38926340,0.0462197008298487,0.118960535781305,2.43870785724362
"ENSMUSG00000065515","Mir152","XY","Unbound","CGI","chr11",96849888,96850425,0.238057334660009,0.360107857145531,5.3921568627451
"ENSMUSG00000067199","Frat1","XY","Bound","CGI","chr19",41829933,41830950,0.0145227074609464,0.0467476709677537,2.04081632653061
"ENSMUSG00000067367","Lyar","XY","Bound","CGI","chr5",38219990,38220808,0.332608558031624,0.446550751735266,0.839070239284743
"ENSMUSG00000067438","Hmx1","XY","Bound","CGI","chr5",35388401,35389468,0.808672862670071,0.682202496643219,-0.260208413876135
"ENSMUSG00000067702","Tuba3a","XY","Bound","CGI","chr6",125285875,125286114,0.0162190776465887,0.0515866526878634,-10.5672105672106
"ENSMUSG00000068117","Mei1","unbiased","Bound","CGI","chr15",82070006,82070309,0.0975996642200698,0.205321810118576,-4.27586581261535
"ENSMUSG00000069041","Slc25a31","unbiased","Bound","CGI","chr3",40708700,40709241,6.58099351467764e-09,7.64458842614071e-08,-13.8845281702425
"ENSMUSG00000070283","Ndufaf3","XY","Unbound","CGI","chr9",108566556,108567818,0.84650974287801,0.691631381062102,-0.116991532985664
"ENSMUSG00000070291","Ddx43","unbiased","Bound","CGI","chr9",78395602,78396287,4.34998753957731e-14,7.74795760416296e-13,-10.0102081263201
"ENSMUSG00000070336","Fbxo47","unbiased","Unbound","CGI","chr11",97883597,97884422,0.202423493906589,0.329767271115379,1.15349362416047
"ENSMUSG00000070345","Hsf5","XY","Bound","CGI","chr11",87616904,87617970,2.55685900814595e-30,1.36624082354466e-28,-28.2580865245672
"ENSMUSG00000070388","Fbxo39","XY","Unbound","CGI","chr11",72314390,72314632,0.00132312998709545,0.00599157475752008,12.5599170877057
"ENSMUSG00000070639","Lrrc8b","XY","Bound","CGI","chr5",105415443,105416302,0.0237418436264058,0.0712713385448231,-2.85451559934319
"ENSMUSG00000070871","Ccnyl1","XY","Unbound","CGI","chr1",64690536,64691585,0.65511048308491,0.672516800582401,0.358802635962708
"ENSMUSG00000070953","Rabepk","XY","Unbound","CGI","chr2",34799756,34799960,0.766530756889891,0.678494968170115,0.418389242839744
"ENSMUSG00000071265","1700086L19Rik","XY","Unbound","CGI","chr12",74283975,74284332,0.117095531180578,0.228354847727369,2.18049196865058
"ENSMUSG00000071359","Tbpl1","XY","Bound","CGI","chr10",22730668,22732025,0.446847478983885,0.523618457342007,-0.852735860887013
"ENSMUSG00000071573","Rnls","XY","Bound","CGI","chr19",33391777,33392230,0.000993959875560196,0.00457858563367594,-6.22734875940898
"ENSMUSG00000071636","Rimbp3","XY","Bound","CGI","chr16",17208562,17210499,0.757956356249545,0.678494968170115,0.161243460120634
"ENSMUSG00000073643","Wdfy1","unbiased","Bound","CGI","chr1",79761253,79761833,0.354520281958072,0.465238329097448,1.04450456134313
"ENSMUSG00000073894","Rbmxl2","unbiased","Bound","CGI","chr7",107209179,107210585,1.14386807640099e-24,3.82011497737453e-23,-10.561583317112
"ENSMUSG00000074212","Dnajb14","unbiased","Unbound","CGI","chr3",137867583,137868040,0.401035109336695,0.492825004576849,-1.46401985111663
"ENSMUSG00000074579","Lekr1","unbiased","Bound","CGI","chr3",65666033,65666732,0.00138825984799262,0.00618172945781227,-7.83611571301134
"ENSMUSG00000074580","4931440P22Rik","unbiased","Bound","CGI","chr3",65527716,65529467,0.307142170166255,0.425179798026769,-0.702638613623139
"ENSMUSG00000074817","Papolb","XY","Bound","CGI","chr5",142529776,142530207,1.47091328319357e-10,2.18325793156397e-09,-15.8050600763733
"ENSMUSG00000074881","Mageb3","XY","Unbound","CGI","chr2",121955801,121956772,0.767543904402267,0.678494968170115,0.38151364764268
"ENSMUSG00000076434","Wfdc3","XY","Unbound","CGI","chr2",164745731,164746085,0.870276363058933,0.694751648183395,0.24125299987369
"ENSMUSG00000076436","Oxct2a","XY","Bound","CGI","chr4",123322420,123323615,0.00841512426482291,0.0303822054060287,-4.5880848041708
"ENSMUSG00000076438","Oxct2b","XY","Bound","CGI","chr4",123116261,123117456,7.49664059458706e-08,7.70342438721166e-07,-9.43284520472585
"ENSMUSG00000078442","Ccdc105","XY","Bound","CGI","chr10",78752391,78752951,0.126830568480853,0.238827638126549,-2.50371890228264
"ENSMUSG00000078796","Zfp541","unbiased","Bound","CGI","chr7",16062008,16062250,0.124422156438621,0.237443437070819,13.0557977332171
"ENSMUSG00000079235","Ccdc13","XY","Unbound","CGI","chr9",121838956,121839539,0.245473493557624,0.365926687632401,4.32178131026825
"ENSMUSG00000079330","Lemd1","XY","Unbound","CGI","chr1",132190089,132191155,0.508710755443142,0.573473105803654,-0.951091555254696
"ENSMUSG00000079681","Zglp1","unbiased","Unbound","CGI","chr9",21073091,21073581,0.682631645608087,0.678494968170115,0.508002248799764
"ENSMUSG00000079681","Zglp1","unbiased","Unbound","CGI","chr9",21066915,21067224,3.24808175600934e-05,0.000197226268242533,-21.3225806451613
"ENSMUSG00000080665","Mir1199","XX","Unbound","CGI","chr8",84011135,84012756,0.0917693978632953,0.199334858625619,-1.04539863954685
"ENSMUSG00000081984","Dnajb3","XY","Bound","CGI","chr1",88205331,88205799,0.00084220169996581,0.00401807989972866,-5.11470244627748
"ENSMUSG00000085576","Dpy19l2","XY","Unbound","CGI","chr9",24695950,24696360,0.00411758354324668,0.0161779686154003,-5.51448551448552
"ENSMUSG00000090206","Tepp","XY","Unbound","CGI","chr8",95320502,95320757,0.93240222837218,0.704348586242998,0.148335237637059
"ENSMUSG00000092074","Dynlt1a","XY","Unbound","CGI","chr17",6316724,6317055,0.761595853799013,0.678494968170115,0.885869565217391
"ENSMUSG00000095677","Dynlt1f","XY","Unbound","CGI","chr17",6601617,6601899,0.466939435243649,0.542297242729461,1.0781163434903
"ENSMUSG00000095677","Dynlt1f","XY","Unbound","CGI","chr17",6655120,6655880,0.356726160462382,0.465238329097448,-1.17554155674007
